watvraag	wat-vraag
watvragen	wat-vragen
-wat	wat
weaknesses	zwakheden
-wederom	wederom
wedstijd	wedstrijd
weekskes	weekjes
-wegens	wegens
weggebrandt	weggebrand
weggeëbt	weggeëbd
weggegooit	weggegooid
weggehaalt	weggehaald
-weggejorist-	weggejorist
weggelegt	weggelegd
weggeleidt	weggeleid
weggespoelt	weggespoeld
weggestuurt	weggestuurd
weggevaagt	weggevaagd
weggevoert	weggevoerd
wekflesjes	weckflesjes
wekflesje	weckflesje
wekflessen	weckflessen
wekfles	weckfles
wekking	werking
weldegelijk	wel degelijk
welicht	wellicht
-weliswaar	weliswaar
-welke	welke
welles-nietes-spelletje	welles-nietesspelletje
welles-nietes-spel	welles-nietesspel
-wellicht	wellicht
welteruste	welterusten
weltrusten	welterusten
weltruste	welterusten
-wel	wel
we`l	wél
We`l	Wél
wèl	wél
wepsen	wespen
wepsjes	wespjes
wepsje	wespje
weps	wesp
wereldhandelsorganisatie	Wereldhandelsorganisatie
wereldschaakbond	Wereldschaakbond
-wereld	wereld
wèrkelijk	wérkelijk
werkingsfeer	werkingssfeer
werklokaties	werklocaties
Westelijke Duina	Westelijke Dvina
westende	Westende
westend	West End
westerscheldetunnel	Westerscheldetunnel
-westerse	westerse
Westeuropese	West-Europese
westfriese	West-Friese
Westfriese	West-Friese
westfriesland	West-Friesland
Westfriesland	West-Friesland
Westfries	West-Fries
-west	west
West-Zeeuws-Vlaanderen	West Zeeuws-Vlaanderen
wes	wens
wetenscha	wetenschap
wetswijzingen	wetswijzigingen
-we	we
whatsApp	WhatsApp
wienerschnitsels	wienerschnitzels
wienerschnitsel	wienerschnitzel
wiener schnitzels	wienerschnitzels
Wiener schnitzels	wienerschnitzels
wiener schnitzel	wienerschnitzel
Wiener schnitzel	wienerschnitzel
wienersnitsels	wienerschnitzels
wienersnitsel	wienerschnitzel
-wie	wie
wíe	wíé
wiite	witte
wijdser	weidser
wijdsheid	wijsheid
wijte	weet
-wij	wij
wij-zijgevoel	wij-zij-gevoel
wildeweg	wilde weg
wilde Westen	Wilde Westen
wìllen	wíllen
wìl	wíl
Wim2	Wim
winaars	winnaars
winlokatie	winlocatie
winning mood	winningmood
Wob-ambtenaren	WOB-ambtenaren
Wob-informatie	WOB-informatie
Wob-procedure	WOB-procedure
Wob-verzoeken	WOB-verzoeken
Wob-verzoek	WOB-verzoek
WOII-heden	WO II-helden
WOIII	WO III
WOII	WO II
WOI	WO I
wolkenloze	wolkeloze
woningbouwlokaties	woningbouwlocaties
woonlokatie	woonlocatie
woonzorgzones	woon-zorgzones
woordvoeder	woordvoerder
woordvoerdster	woordvoerster
Wordfued	Wordfeud
-wordt	wordt
would-be-actrice	would-beactrice
x-benen	X-benen
xenos	Xenos
XTC-aanpak	xtc-aanpak
XTC-achtige	xtc-achtige
XTC-achtig	xtc-achtig
XTC-beleid	xtc-beleid
XTC-gebruik	xtc-gebruik
XTC-groep	xtc-groep
XTC-handel	xtc-handel
XTC-koeriers	xtc-koeriers
XTC-laboratorium	xtc-laboratorium
XTC-lab	xtc-lab
XTC-markt	xtc-markt
XTC-misdrijf	xtc-misdrijf
XTC-misdrijven	xtc-misdrijven
XTC-onderzoek	xtc-onderzoek
XTC-pillen	xtc-pillen
XTC-pil	xtc-pil
XTC-productie	xtc-productie
XTC-smokkel	xtc-smokkel
XTC-tabletten	xtc-tabletten
XTC-transporten	xtc-transporten
XTC-zaak	xtc-zaak
XTC-zaken	xtc-zaken
yakboter	jakboter
yakboterthee	jakboterthee
yak	jak
yakmest	jakmest
yaks	jaks
ye	te
youtube	YouTube
yvonne	Yvonne
zaaaaaalig	zálig
zaaaaalig	zálig
zaakske	zaakje
zagert	zager
zakdoekje-leggen	zakdoekjeleggen
zakskes	zakjes
zakske	zakje
-zal	zal
ZDNET	ZDNet
zedendeliquenten	zedendelinquenten
zee-arm	zeearm
zeeeeeeer	zéér
zeeeeeer	zéér
zeeeeer	zéér
zééééér	zéér
zeeëenden	zee-eenden
zeeëend	zee-eend
zéééér	zéér
zeeëgels	zee-egels
zeeëgeltjes	zee-egeltjes
zeeëgeltje	zee-egeltje
zeeëgel	zee-egel
zééér	zéér
zeergeëerde	zeer geëerde
zeergeëerd	zeer geëerd
zeeschilpadden	zeeschildpadden
zeeschilpad	zeeschildpad
zegend	zegent
zègt	zégt
zèg	zég
zèker	zéker
zèlfs	zélfs
ze`lf	zélf
zèlf	zélf
zelgeknutseld	zelfgeknutseld
zenger	zanger
zenith	zenit
zescylinder	zescilinder
ziekskes	ziekjes
ziektenkostenregelingen	ziektekostenregelingen
ziekte's	ziektes
zieleroerselen	zielenroerselen
zijde-achtig	zijdeachtig
zij-ingang	zijingang
zij-instromers	zijinstromers
zij-instromer	zijinstromer
zij-instroom	zijinstroom
zij-invoer	zijinvoer
zittinghebbende	zitting hebbende
zi	z.i.
zloties	zloty's
zlotie	zloty
ZMOK	zmok
z`n	z'n
zodadelijk	zo dadelijk
zodan	zoals
zoekert	zoeker
zoemert	zoemer
zoenert	zoener
zoëven	zo-even
zogezegde	zogezegd
zogezegdt	zogezegd
zogezegt	zogezegd
zombie-achtige	zombieachtige
-zonder	zonder
zònder	zónder
zone's	zones
zoniet	zo niet
zo`n	zo'n
Zo`n	Zo'n
zoodoende	zodoende
zooöloog	zoöloog
zooooooo	zó
Zooooooo	Zó
zoooooo	zó
Zoooooo	Zó
zoooooveel	zóveel
zooooo	zó
zóóóó	zó
zooo	zó
zóóó	zó
zóóveel	zóveel
zorgdraagt	zorg draagt
zorgdraag	zorg draag
zorgdroegen	zorg droegen
zorgdroeg	zorg droeg
zorginformatieuitwisseling	zorginformatie-uitwisseling
zoudne	zouden
-zou	zou
-zoveel	zoveel
zòveel	zoveel
zòveel	zóveel
-zowel	zowel
zowieso	sowieso
zowiezo	sowieso
zò	zó
Zò	Zó
zuigert	zuiger
zuipert	zuiper
Zululand	Zoeloeland
Zulu	Zoeloe
zweefvliegert	zweefvlieger
zwelden	zwollen
zwelde	zwol
zwemmert	zwemmer
zwermpjess	zwermpjes
zwervert	zwerver
zwevert	zwever
zwiepert	zwieper
zzp-ers	zzp'ers
ZZP'ers	zzp'ers
ZZP-ers	zzp'ers
zzp-er	zzp'er
ZZP'er	zzp'er
ZZP-er	zzp'er
ZZP	zzp
